bed_number,block_name,total_area,usable_area,bed_type_width
32,G-09,35.1,19.6,64
34,G-09,35.1,19.6,64
36,G-09,35.1,19.6,64
140,G-09,35.1,19.6,64
142,G-09,35.1,19.6,64
185,G-09,35.7,20.0,64
187,G-09,35.7,20.0,64
3,G-10,35.2,19.7,64
5,G-10,35.2,19.7,64
7,G-10,35.2,19.7,64
9,G-10,35.2,19.7,64
11,G-10,35.2,19.7,64
12,G-10,34.6,19.3,64
13,G-10,35.2,19.7,64
14,G-10,34.6,19.3,64
15,G-10,35.2,19.7,64
16,G-10,34.6,19.3,64
17,G-10,35.2,19.7,64
18,G-10,34.6,19.3,64
19,G-10,35.2,19.7,64
20,G-10,34.6,19.3,64
21,G-10,35.2,19.7,64
22,G-10,34.6,19.3,64
23,G-10,35.2,19.7,64
24,G-10,34.6,19.3,64
26,G-10,34.6,19.3,64
29,G-10,35.2,19.7,64
40,G-10,34.6,19.3,64
43,G-10,35.2,19.7,64
44,G-10,34.6,19.3,64
45,G-10,35.2,19.7,64
46,G-10,34.6,19.3,64
47,G-10,35.2,19.7,64
48,G-10,34.6,19.3,64
49,G-10,35.2,19.7,64
50,G-10,34.6,19.3,64
52,G-10,34.6,19.3,64
54,G-10,34.6,19.3,64
56,G-10,34.6,19.3,64
57,G-10,35.2,19.7,64
59,G-10,35.2,19.7,64
67,G-10,35.2,19.7,64
76,G-10,34.6,19.3,64
78,G-10,34.6,19.3,64
82,G-10,34.6,19.3,64
1,G-13,40.9,22.8,64
2,G-13,40.6,22.7,64
3,G-13,40.9,22.8,64
4,G-13,40.6,22.7,64
5,G-13,40.9,22.8,64
6,G-13,40.6,22.7,64
7,G-13,40.9,22.8,64
8,G-13,40.6,22.7,64
9,G-13,40.9,22.8,64
10,G-13,40.6,22.7,64
11,G-13,40.9,22.8,64
12,G-13,40.6,22.7,64
13,G-13,40.9,22.8,64
14,G-13,31.7,17.7,50
15,G-13,40.9,22.8,64
16,G-13,40.6,22.7,64
17,G-13,40.9,22.8,64
18,G-13,40.6,22.7,64
19,G-13,40.9,22.8,64
20,G-13,40.6,22.7,64
21,G-13,40.9,22.8,64
22,G-13,31.7,17.7,50
23,G-13,40.9,22.8,64
24,G-13,40.6,22.7,64
25,G-13,40.9,22.8,64
26,G-13,40.6,22.7,64
27,G-13,40.9,22.8,64
28,G-13,40.6,22.7,64
29,G-13,40.9,22.8,64
30,G-13,40.6,22.7,64
31,G-13,40.9,22.8,64
32,G-13,31.7,17.7,50
33,G-13,40.9,22.8,64
34,G-13,40.6,22.7,64
35,G-13,40.9,22.8,64
36,G-13,40.6,22.7,64
37,G-13,40.9,22.8,64
38,G-13,40.6,22.7,64
40,G-13,40.6,22.7,64
41,G-13,32.0,17.9,50
42,G-13,40.6,22.7,64
43,G-13,32.0,17.9,50
44,G-13,40.6,22.7,64
45,G-13,32.0,17.9,50
46,G-13,40.6,22.7,64
47,G-13,32.0,17.9,50
48,G-13,40.6,22.7,64
49,G-13,40.9,22.8,64
50,G-13,40.6,22.7,64
51,G-13,32.0,17.9,50
53,G-13,40.9,22.8,64
54,G-13,31.7,17.7,50
55,G-13,32.0,17.9,50
56,G-13,31.7,17.7,50
57,G-13,32.0,17.9,50
58,G-13,31.7,17.7,50
59,G-13,40.9,22.8,64
60,G-13,31.7,17.7,50
61,G-13,40.9,22.8,64
62,G-13,31.7,17.7,50
63,G-13,40.9,22.8,64
64,G-13,31.7,17.7,50
65,G-13,40.9,22.8,64
66,G-13,40.6,22.7,64
67,G-13,40.9,22.8,64
68,G-13,40.6,22.7,64
69,G-13,40.9,22.8,64
70,G-13,40.6,22.7,64
71,G-13,40.9,22.8,64
72,G-13,40.6,22.7,64
73,G-13,40.9,22.8,64
74,G-13,40.6,22.7,64
75,G-13,40.9,22.8,64
76,G-13,40.6,22.7,64
77,G-13,40.9,22.8,64
78,G-13,40.6,22.7,64
79,G-13,40.9,22.8,64
80,G-13,40.6,22.7,64
81,G-13,40.9,22.8,64
82,G-13,40.6,22.7,64
83,G-13,40.9,22.8,64
84,G-13,40.6,22.7,64
85,G-13,40.9,22.8,64
86,G-13,40.6,22.7,64
87,G-13,40.9,22.8,64
88,G-13,40.6,22.7,64
89,G-13,40.9,22.8,64
90,G-13,40.6,22.7,64
91,G-13,40.9,22.8,64
92,G-13,40.6,22.7,64
93,G-13,40.9,22.8,64
94,G-13,40.6,22.7,64
95,G-13,40.9,22.8,64
96,G-13,40.6,22.7,64
97,G-13,40.9,22.8,64
98,G-13,40.6,22.7,64
99,G-13,40.9,22.8,64
100,G-13,40.6,22.7,64
101,G-13,40.9,22.8,64
102,G-13,40.6,22.7,64
103,G-13,40.9,22.8,64
105,G-13,40.9,22.8,64
106,G-13,31.7,17.7,50
107,G-13,40.9,22.8,64
108,G-13,40.6,22.7,64
109,G-13,40.9,22.8,64
110,G-13,40.6,22.7,64
111,G-13,40.9,22.8,64
112,G-13,31.7,17.7,50
113,G-13,40.9,22.8,64
114,G-13,40.6,22.7,64
115,G-13,40.9,22.8,64
116,G-13,40.6,22.7,64
117,G-13,40.9,22.8,64
118,G-13,40.6,22.7,64
119,G-13,40.9,22.8,64
120,G-13,40.6,22.7,64
121,G-13,40.9,22.8,64
122,G-13,40.6,22.7,64
123,G-13,40.9,22.8,64
124,G-13,40.6,22.7,64
125,G-13,40.9,22.8,64
126,G-13,40.6,22.7,64
127,G-13,40.9,22.8,64
128,G-13,40.6,22.7,64
129,G-13,40.9,22.8,64
130,G-13,40.6,22.7,64
131,G-13,40.9,22.8,64
132,G-13,40.6,22.7,64
133,G-13,40.9,22.8,64
134,G-13,40.6,22.7,64
135,G-13,40.9,22.8,64
136,G-13,40.6,22.7,64
137,G-13,40.9,22.8,64
139,G-13,40.9,22.8,64
140,G-13,40.6,22.7,64
141,G-13,40.9,22.8,64
142,G-13,40.6,22.7,64
143,G-13,40.9,22.8,64
144,G-13,40.6,22.7,64
145,G-13,40.9,22.8,64
146,G-13,40.6,22.7,64
147,G-13,40.9,22.8,64
148,G-13,40.6,22.7,64
149,G-13,40.9,22.8,64
150,G-13,40.6,22.7,64
151,G-13,40.9,22.8,64
152,G-13,40.6,22.7,64
153,G-13,40.9,22.8,64
154,G-13,40.6,22.7,64
155,G-13,32.0,17.9,50
156,G-13,40.6,22.7,64
158,G-13,31.7,17.7,50
160,G-13,31.7,17.7,50
161,G-13,40.9,22.8,64
162,G-13,40.6,22.7,64
163,G-13,40.9,22.8,64
165,G-13,40.9,22.8,64
166,G-13,40.6,22.7,64
167,G-13,40.9,22.8,64
169,G-13,40.9,22.8,64
170,G-13,40.6,22.7,64
171,G-13,40.9,22.8,64
172,G-13,40.6,22.7,64
173,G-13,40.9,22.8,64
174,G-13,40.6,22.7,64
175,G-13,40.9,22.8,64
176,G-13,40.6,22.7,64
177,G-13,40.9,22.8,64
178,G-13,31.7,17.7,50
179,G-13,40.9,22.8,64
180,G-13,31.7,17.7,50
181,G-13,40.9,22.8,64
182,G-13,40.6,22.7,64
183,G-13,40.9,22.8,64
184,G-13,40.6,22.7,64
185,G-13,40.9,22.8,64
186,G-13,40.6,22.7,64
187,G-13,40.9,22.8,64
188,G-13,40.6,22.7,64
189,G-13,32.0,17.9,50
191,G-13,32.0,17.9,50
192,G-13,40.6,22.7,64
193,G-13,32.0,17.9,50
197,G-13,40.9,22.8,64
199,G-13,40.9,22.8,64
200,G-13,31.7,17.7,50
201,G-13,40.9,22.8,64
202,G-13,31.7,17.7,50
203,G-13,40.9,22.8,64
204,G-13,40.6,22.7,64
205,G-13,40.9,22.8,64
206,G-13,40.6,22.7,64
208,G-13,40.6,22.7,64
209,G-13,40.9,22.8,64
210,G-13,40.6,22.7,64
211,G-13,40.9,22.8,64
212,G-13,31.7,17.7,50
213,G-13,40.9,22.8,64
214,G-13,31.7,17.7,50
215,G-13,40.9,22.8,64
216,G-13,40.6,22.7,64
217,G-13,40.9,22.8,64
218,G-13,40.6,22.7,64
219,G-13,40.9,22.8,64
220,G-13,40.6,22.7,64
221,G-13,32.0,17.9,50
222,G-13,40.6,22.7,64
223,G-13,40.9,22.8,64
224,G-13,40.6,22.7,64
225,G-13,40.9,22.8,64
226,G-13,40.6,22.7,64
227,G-13,40.9,22.8,64
228,G-13,40.6,22.7,64
229,G-13,40.9,22.8,64
230,G-13,40.6,22.7,64
231,G-13,40.9,22.8,64
233,G-13,40.9,22.8,64
234,G-13,40.6,22.7,64
235,G-13,40.9,22.8,64
236,G-13,40.6,22.7,64
237,G-13,40.9,22.8,64
238,G-13,40.6,22.7,64
239,G-13,40.9,22.8,64
241,G-13,40.9,22.8,64
242,G-13,40.6,22.7,64
243,G-13,40.9,22.8,64
244,G-13,40.6,22.7,64
245,G-13,40.9,22.8,64
246,G-13,40.6,22.7,64
247,G-13,40.9,22.8,64
248,G-13,40.6,22.7,64
249,G-13,40.9,22.8,64
250,G-13,40.6,22.7,64
251,G-13,40.9,22.8,64
252,G-13,40.6,22.7,64
253,G-13,40.9,22.8,64
254,G-13,40.6,22.7,64
255,G-13,40.9,22.8,64
256,G-13,40.6,22.7,64
258,G-13,40.6,22.7,64
262,G-13,40.6,22.7,64
1,G-14,47.3,26.4,64
2,G-14,54.4,30.4,64
3,G-14,47.3,26.4,64
4,G-14,54.4,30.4,64
5,G-14,47.3,26.4,64
6,G-14,54.4,30.4,64
7,G-14,47.3,26.4,64
8,G-14,54.4,30.4,64
9,G-14,47.3,26.4,64
10,G-14,54.4,30.4,64
11,G-14,47.3,26.4,64
12,G-14,42.5,23.8,50
13,G-14,47.3,26.4,64
14,G-14,54.4,30.4,64
15,G-14,47.3,26.4,64
16,G-14,42.5,23.8,50
17,G-14,47.3,26.4,64
18,G-14,42.5,23.8,50
19,G-14,47.3,26.4,64
20,G-14,54.4,30.4,64
21,G-14,47.3,26.4,64
22,G-14,54.4,30.4,64
23,G-14,47.3,26.4,64
24,G-14,54.4,30.4,64
25,G-14,47.3,26.4,64
26,G-14,54.4,30.4,64
27,G-14,47.3,26.4,64
28,G-14,54.4,30.4,64
29,G-14,47.3,26.4,64
30,G-14,42.5,23.8,50
31,G-14,47.3,26.4,64
32,G-14,42.5,23.8,50
33,G-14,47.3,26.4,64
34,G-14,42.5,23.8,50
35,G-14,47.3,26.4,64
36,G-14,54.4,30.4,64
37,G-14,47.3,26.4,64
38,G-14,54.4,30.4,64
39,G-14,47.9,26.8,64
40,G-14,54.4,30.4,64
41,G-14,47.9,26.8,64
42,G-14,54.4,30.4,64
43,G-14,47.9,26.8,64
44,G-14,54.4,30.4,64
45,G-14,47.9,26.8,64
46,G-14,54.4,30.4,64
47,G-14,47.9,26.8,64
48,G-14,54.4,30.4,64
49,G-14,47.3,26.4,64
50,G-14,42.5,23.8,50
51,G-14,47.3,26.4,64
52,G-14,54.4,30.4,64
53,G-14,47.3,26.4,64
54,G-14,54.4,30.4,64
55,G-14,47.3,26.4,64
56,G-14,54.4,30.4,64
57,G-14,47.3,26.4,64
58,G-14,54.4,30.4,64
59,G-14,47.3,26.4,64
60,G-14,54.4,30.4,64
61,G-14,47.3,26.4,64
62,G-14,54.4,30.4,64
63,G-14,47.3,26.4,64
64,G-14,54.4,30.4,64
65,G-14,47.3,26.4,64
66,G-14,42.5,23.8,50
67,G-14,47.3,26.4,64
68,G-14,42.5,23.8,50
69,G-14,47.3,26.4,64
70,G-14,42.5,23.8,50
71,G-14,47.3,26.4,64
72,G-14,42.5,23.8,50
73,G-14,47.3,26.4,64
74,G-14,42.5,23.8,50
75,G-14,47.3,26.4,64
76,G-14,54.4,30.4,64
77,G-14,37.0,20.7,50
78,G-14,54.4,30.4,64
79,G-14,47.3,26.4,64
80,G-14,54.4,30.4,64
81,G-14,47.3,26.4,64
82,G-14,42.5,23.8,50
83,G-14,47.3,26.4,64
84,G-14,54.4,30.4,64
85,G-14,47.3,26.4,64
86,G-14,54.4,30.4,64
87,G-14,47.3,26.4,64
88,G-14,54.4,30.4,64
89,G-14,47.3,26.4,64
90,G-14,54.4,30.4,64
91,G-14,47.3,26.4,64
92,G-14,54.4,30.4,64
93,G-14,47.3,26.4,64
94,G-14,54.4,30.4,64
95,G-14,47.3,26.4,64
96,G-14,54.4,30.4,64
97,G-14,47.3,26.4,64
98,G-14,54.4,30.4,64
99,G-14,47.3,26.4,64
100,G-14,54.4,30.4,64
101,G-14,47.3,26.4,64
102,G-14,54.4,30.4,64
103,G-14,47.3,26.4,64
104,G-14,54.4,30.4,64
105,G-14,47.3,26.4,64
106,G-14,54.4,30.4,64
107,G-14,47.9,26.8,64
108,G-14,54.4,30.4,64
109,G-14,47.9,26.8,64
110,G-14,54.4,30.4,64
111,G-14,47.9,26.8,64
112,G-14,54.4,30.4,64
113,G-14,47.9,26.8,64
114,G-14,54.4,30.4,64
115,G-14,47.9,26.8,64
116,G-14,54.4,30.4,64
117,G-14,47.9,26.8,64
118,G-14,54.4,30.4,64
119,G-14,47.3,26.4,64
120,G-14,54.4,30.4,64
121,G-14,47.3,26.4,64
122,G-14,54.4,30.4,64
123,G-14,47.3,26.4,64
125,G-14,47.3,26.4,64
126,G-14,54.4,30.4,64
127,G-14,47.3,26.4,64
128,G-14,42.5,23.8,50
129,G-14,47.3,26.4,64
130,G-14,54.4,30.4,64
131,G-14,47.3,26.4,64
132,G-14,42.5,23.8,50
133,G-14,47.3,26.4,64
134,G-14,54.4,30.4,64
135,G-14,47.3,26.4,64
136,G-14,42.5,23.8,50
137,G-14,47.3,26.4,64
138,G-14,42.5,23.8,50
139,G-14,47.3,26.4,64
140,G-14,42.5,23.8,50
141,G-14,37.0,20.7,50
142,G-14,42.5,23.8,50
143,G-14,47.3,26.4,64
144,G-14,42.5,23.8,50
145,G-14,47.3,26.4,64
146,G-14,42.5,23.8,50
147,G-14,47.3,26.4,64
148,G-14,42.5,23.8,50
149,G-14,47.3,26.4,64
150,G-14,42.5,23.8,50
151,G-14,47.3,26.4,64
152,G-14,42.5,23.8,50
153,G-14,47.3,26.4,64
154,G-14,42.5,23.8,50
155,G-14,47.3,26.4,64
156,G-14,54.4,30.4,64
158,G-14,42.5,23.8,50
160,G-14,42.5,23.8,50
162,G-14,54.4,30.4,64
163,G-14,47.3,26.4,64
164,G-14,54.4,30.4,64
165,G-14,47.3,26.4,64
166,G-14,42.5,23.8,50
167,G-14,47.3,26.4,64
168,G-14,42.5,23.8,50
169,G-14,37.4,20.9,50
170,G-14,54.4,30.4,64
171,G-14,47.9,26.8,64
172,G-14,54.4,30.4,64
173,G-14,47.9,26.8,64
174,G-14,54.4,30.4,64
175,G-14,47.9,26.8,64
176,G-14,42.5,23.8,50
177,G-14,47.9,26.8,64
178,G-14,42.5,23.8,50
179,G-14,47.9,26.8,64
180,G-14,42.5,23.8,50
181,G-14,47.3,26.4,64
182,G-14,42.5,23.8,50
183,G-14,47.3,26.4,64
184,G-14,42.5,23.8,50
185,G-14,47.3,26.4,64
186,G-14,54.4,30.4,64
187,G-14,47.3,26.4,64
188,G-14,42.5,23.8,50
189,G-14,37.0,20.7,50
190,G-14,42.5,23.8,50
191,G-14,37.0,20.7,50
192,G-14,42.5,23.8,50
193,G-14,47.3,26.4,64
194,G-14,42.5,23.8,50
195,G-14,47.3,26.4,64
196,G-14,42.5,23.8,50
197,G-14,47.3,26.4,64
198,G-14,42.5,23.8,50
199,G-14,47.3,26.4,64
200,G-14,54.4,30.4,64
201,G-14,47.3,26.4,64
202,G-14,42.5,23.8,50
203,G-14,47.3,26.4,64
204,G-14,42.5,23.8,50
205,G-14,47.3,26.4,64
206,G-14,42.5,23.8,50
207,G-14,47.3,26.4,64
208,G-14,42.5,23.8,50
209,G-14,47.3,26.4,64
211,G-14,47.3,26.4,64
212,G-14,54.4,30.4,64
213,G-14,47.3,26.4,64
214,G-14,54.4,30.4,64
215,G-14,47.3,26.4,64
216,G-14,54.4,30.4,64
217,G-14,37.4,20.9,50
218,G-14,54.4,30.4,64
219,G-14,37.4,20.9,50
220,G-14,54.4,30.4,64
221,G-14,37.4,20.9,50
222,G-14,54.4,30.4,64
223,G-14,37.4,20.9,50
224,G-14,54.4,30.4,64
225,G-14,37.4,20.9,50
226,G-14,54.4,30.4,64
227,G-14,37.4,20.9,50
228,G-14,54.4,30.4,64
229,G-14,37.0,20.7,50
230,G-14,42.5,23.8,50
231,G-14,47.3,26.4,64
232,G-14,42.5,23.8,50
233,G-14,37.0,20.7,50
234,G-14,42.5,23.8,50
235,G-14,47.3,26.4,64
236,G-14,54.4,30.4,64
237,G-14,37.0,20.7,50
238,G-14,42.5,23.8,50
239,G-14,37.0,20.7,50
240,G-14,42.5,23.8,50
242,G-14,42.5,23.8,50
244,G-14,42.5,23.8,50
246,G-14,42.5,23.8,50
248,G-14,42.5,23.8,50
250,G-14,42.5,23.8,50
1,G-24,34.4,19.2,64
2,G-24,34.4,19.2,64
3,G-24,34.4,19.2,64
4,G-24,34.4,19.2,64
5,G-24,26.9,15.0,50
6,G-24,26.9,15.0,50
7,G-24,26.9,15.0,50
8,G-24,26.9,15.0,50
9,G-24,26.9,15.0,50
10,G-24,26.9,15.0,50
11,G-24,26.9,15.0,50
12,G-24,34.4,19.2,64
13,G-24,26.9,15.0,50
14,G-24,34.4,19.2,64
15,G-24,34.4,19.2,64
16,G-24,26.9,15.0,50
17,G-24,34.4,19.2,64
18,G-24,26.9,15.0,50
19,G-24,34.4,19.2,64
20,G-24,26.9,15.0,50
21,G-24,34.4,19.2,64
22,G-24,26.9,15.0,50
23,G-24,34.4,19.2,64
24,G-24,26.9,15.0,50
25,G-24,34.4,19.2,64
26,G-24,26.9,15.0,50
28,G-24,26.9,15.0,50
29,G-24,26.9,15.0,50
30,G-24,25.7,14.3,50
31,G-24,26.9,15.0,50
32,G-24,25.7,14.3,50
33,G-24,26.9,15.0,50
34,G-24,25.7,14.3,50
35,G-24,26.9,15.0,50
36,G-24,25.7,14.3,50
37,G-24,26.9,15.0,50
38,G-24,25.7,14.3,50
39,G-24,26.9,15.0,50
40,G-24,25.7,14.3,50
41,G-24,26.9,15.0,50
42,G-24,25.7,14.3,50
43,G-24,34.4,19.2,64
44,G-24,34.4,19.2,64
45,G-24,34.4,19.2,64
46,G-24,26.9,15.0,50
47,G-24,26.9,15.0,50
48,G-24,26.9,15.0,50
49,G-24,34.4,19.2,64
50,G-24,26.9,15.0,50
51,G-24,34.4,19.2,64
52,G-24,26.9,15.0,50
53,G-24,34.4,19.2,64
54,G-24,26.9,15.0,50
56,G-24,26.9,15.0,50
57,G-24,34.4,19.2,64
58,G-24,34.4,19.2,64
59,G-24,34.4,19.2,64
60,G-24,26.9,15.0,50
61,G-24,34.4,19.2,64
62,G-24,26.9,15.0,50
63,G-24,34.4,19.2,64
64,G-24,26.9,15.0,50
65,G-24,34.4,19.2,64
66,G-24,26.9,15.0,50
67,G-24,34.4,19.2,64
68,G-24,26.9,15.0,50
70,G-24,26.9,15.0,50
72,G-24,34.4,19.2,64
73,G-24,34.4,19.2,64
74,G-24,34.4,19.2,64
75,G-24,34.4,19.2,64
76,G-24,34.4,19.2,64
77,G-24,34.4,19.2,64
78,G-24,34.4,19.2,64
79,G-24,34.4,19.2,64
80,G-24,34.4,19.2,64
81,G-24,34.4,19.2,64
82,G-24,34.4,19.2,64
83,G-24,34.4,19.2,64
86,G-24,25.7,14.3,50
87,G-24,34.4,19.2,64
88,G-24,25.7,14.3,50
89,G-24,34.4,19.2,64
91,G-24,26.9,15.0,50
92,G-24,25.7,14.3,50
93,G-24,26.9,15.0,50
94,G-24,25.7,14.3,50
95,G-24,26.9,15.0,50
96,G-24,25.7,14.3,50
97,G-24,26.9,15.0,50
98,G-24,32.8,18.3,64
99,G-24,26.9,15.0,50
100,G-24,34.4,19.2,64
101,G-24,26.9,15.0,50
102,G-24,26.9,15.0,50
103,G-24,26.9,15.0,50
104,G-24,26.9,15.0,50
105,G-24,26.9,15.0,50
106,G-24,34.4,19.2,64
107,G-24,26.9,15.0,50
108,G-24,34.4,19.2,64
109,G-24,26.9,15.0,50
111,G-24,34.4,19.2,64
112,G-24,34.4,19.2,64
113,G-24,34.4,19.2,64
114,G-24,34.4,19.2,64
115,G-24,34.4,19.2,64
116,G-24,34.4,19.2,64
117,G-24,34.4,19.2,64
118,G-24,34.4,19.2,64
119,G-24,34.4,19.2,64
120,G-24,34.4,19.2,64
122,G-24,34.4,19.2,64
123,G-24,34.4,19.2,64
124,G-24,34.4,19.2,64
125,G-24,34.4,19.2,64
127,G-24,34.4,19.2,64
128,G-24,34.4,19.2,64
129,G-24,34.4,19.2,64
130,G-24,34.4,19.2,64
131,G-24,34.4,19.2,64
132,G-24,34.4,19.2,64
133,G-24,34.4,19.2,64
134,G-24,34.4,19.2,64
135,G-24,34.4,19.2,64
136,G-24,34.4,19.2,64
137,G-24,34.4,19.2,64
138,G-24,34.4,19.2,64
141,G-24,34.4,19.2,64
142,G-24,32.8,18.3,64
143,G-24,34.4,19.2,64
144,G-24,32.8,18.3,64
145,G-24,34.4,19.2,64
146,G-24,32.8,18.3,64
147,G-24,34.4,19.2,64
148,G-24,32.8,18.3,64
149,G-24,34.4,19.2,64
150,G-24,32.8,18.3,64
151,G-24,34.4,19.2,64
152,G-24,32.8,18.3,64
153,G-24,34.4,19.2,64
155,G-24,34.4,19.2,64
156,G-24,34.4,19.2,64
157,G-24,34.4,19.2,64
158,G-24,34.4,19.2,64
159,G-24,34.4,19.2,64
161,G-24,34.4,19.2,64
162,G-24,34.4,19.2,64
164,G-24,34.4,19.2,64
165,G-24,34.4,19.2,64
166,G-24,34.4,19.2,64
167,G-24,34.4,19.2,64
168,G-24,26.9,15.0,50
169,G-24,34.4,19.2,64
170,G-24,26.9,15.0,50
171,G-24,34.4,19.2,64
172,G-24,34.4,19.2,64
173,G-24,34.4,19.2,64
174,G-24,34.4,19.2,64
175,G-24,34.4,19.2,64
177,G-24,34.4,19.2,64
178,G-24,34.4,19.2,64
179,G-24,34.4,19.2,64
180,G-24,34.4,19.2,64
183,G-24,26.9,15.0,50
184,G-24,34.4,19.2,64
185,G-24,26.9,15.0,50
186,G-24,34.4,19.2,64
187,G-24,26.9,15.0,50
188,G-24,34.4,19.2,64
189,G-24,26.9,15.0,50
190,G-24,34.4,19.2,64
191,G-24,26.9,15.0,50
192,G-24,34.4,19.2,64
194,G-24,34.4,19.2,64
195,G-24,26.9,15.0,50
196,G-24,34.4,19.2,64
197,G-24,26.9,15.0,50
198,G-24,34.4,19.2,64
199,G-24,34.4,19.2,64
200,G-24,32.8,18.3,64
201,G-24,34.4,19.2,64
202,G-24,25.7,14.3,50
203,G-24,34.4,19.2,64
204,G-24,32.8,18.3,64
205,G-24,34.4,19.2,64
206,G-24,32.8,18.3,64
207,G-24,34.4,19.2,64
210,G-24,26.9,15.0,50
213,G-24,34.4,19.2,64
214,G-24,34.4,19.2,64
216,G-24,34.4,19.2,64
218,G-24,34.4,19.2,64
219,G-24,34.4,19.2,64
220,G-24,34.4,19.2,64
221,G-24,34.4,19.2,64
223,G-24,34.4,19.2,64
225,G-24,34.4,19.2,64
226,G-24,34.4,19.2,64
227,G-24,34.4,19.2,64
228,G-24,34.4,19.2,64
229,G-24,34.4,19.2,64
230,G-24,34.4,19.2,64
231,G-24,34.4,19.2,64
232,G-24,34.4,19.2,64
234,G-24,26.9,15.0,50
235,G-24,34.4,19.2,64
236,G-24,26.9,15.0,50
238,G-24,26.9,15.0,50
239,G-24,34.4,19.2,64
240,G-24,26.9,15.0,50
241,G-24,34.4,19.2,64
242,G-24,34.4,19.2,64
243,G-24,34.4,19.2,64
244,G-24,34.4,19.2,64
245,G-24,34.4,19.2,64
246,G-24,34.4,19.2,64
247,G-24,34.4,19.2,64
248,G-24,34.4,19.2,64
249,G-24,34.4,19.2,64
250,G-24,34.4,19.2,64
253,G-24,34.4,19.2,64
254,G-24,25.7,14.3,50
255,G-24,34.4,19.2,64
256,G-24,25.7,14.3,50
257,G-24,34.4,19.2,64
258,G-24,25.7,14.3,50
259,G-24,34.4,19.2,64
260,G-24,25.7,14.3,50
261,G-24,34.4,19.2,64
262,G-24,32.8,18.3,64
263,G-24,34.4,19.2,64
264,G-24,25.7,14.3,50
265,G-24,34.4,19.2,64
266,G-24,25.7,14.3,50
267,G-24,34.4,19.2,64
268,G-24,26.9,15.0,50
269,G-24,34.4,19.2,64
270,G-24,26.9,15.0,50
271,G-24,34.4,19.2,64
272,G-24,26.9,15.0,50
273,G-24,34.4,19.2,64
274,G-24,26.9,15.0,50
275,G-24,34.4,19.2,64
276,G-24,26.9,15.0,50
277,G-24,34.4,19.2,64
278,G-24,26.9,15.0,50
279,G-24,34.4,19.2,64
280,G-24,26.9,15.0,50
281,G-24,34.4,19.2,64
282,G-24,26.9,15.0,50
283,G-24,34.4,19.2,64
284,G-24,26.9,15.0,50
285,G-24,34.4,19.2,64
286,G-24,26.9,15.0,50
287,G-24,34.4,19.2,64
288,G-24,26.9,15.0,50
289,G-24,34.4,19.2,64
290,G-24,26.9,15.0,50
291,G-24,34.4,19.2,64
292,G-24,26.9,15.0,50
294,G-24,26.9,15.0,50
295,G-24,34.4,19.2,64
296,G-24,26.9,15.0,50
297,G-24,34.4,19.2,64
298,G-24,34.4,19.2,64
299,G-24,34.4,19.2,64
300,G-24,34.4,19.2,64
301,G-24,34.4,19.2,64
302,G-24,34.4,19.2,64
303,G-24,34.4,19.2,64
304,G-24,34.4,19.2,64
305,G-24,34.4,19.2,64
306,G-24,34.4,19.2,64
309,G-24,34.4,19.2,64
310,G-24,25.7,14.3,50
311,G-24,34.4,19.2,64
312,G-24,25.7,14.3,50
313,G-24,34.4,19.2,64
314,G-24,25.7,14.3,50
315,G-24,34.4,19.2,64
316,G-24,25.7,14.3,50
317,G-24,34.4,19.2,64
318,G-24,32.8,18.3,64
319,G-24,26.9,15.0,50
320,G-24,32.8,18.3,64
321,G-24,34.4,19.2,64
322,G-24,25.7,14.3,50
324,G-24,34.4,19.2,64
325,G-24,34.4,19.2,64
326,G-24,34.4,19.2,64
327,G-24,34.4,19.2,64
328,G-24,34.4,19.2,64
329,G-24,34.4,19.2,64
330,G-24,34.4,19.2,64
331,G-24,34.4,19.2,64
332,G-24,34.4,19.2,64
333,G-24,34.4,19.2,64
334,G-24,34.4,19.2,64
335,G-24,34.4,19.2,64
336,G-24,26.9,15.0,50
337,G-24,34.4,19.2,64
338,G-24,26.9,15.0,50
339,G-24,34.4,19.2,64
340,G-24,26.9,15.0,50
342,G-24,26.9,15.0,50
343,G-24,34.4,19.2,64
344,G-24,26.9,15.0,50
346,G-24,26.9,15.0,50
347,G-24,34.4,19.2,64
348,G-24,34.4,19.2,64
350,G-24,26.9,15.0,50
351,G-24,34.4,19.2,64
352,G-24,26.9,15.0,50
353,G-24,34.4,19.2,64
354,G-24,26.9,15.0,50
355,G-24,34.4,19.2,64
356,G-24,26.9,15.0,50
357,G-24,34.4,19.2,64
358,G-24,26.9,15.0,50
359,G-24,34.4,19.2,64
360,G-24,26.9,15.0,50
361,G-24,34.4,19.2,64
362,G-24,26.9,15.0,50
364,G-24,34.4,19.2,64
365,G-24,34.4,19.2,64
367,G-24,34.4,19.2,64
368,G-24,34.4,19.2,64
369,G-24,34.4,19.2,64
370,G-24,34.4,19.2,64
371,G-24,34.4,19.2,64
372,G-24,34.4,19.2,64
373,G-24,26.9,15.0,50
374,G-24,34.4,19.2,64
375,G-24,26.9,15.0,50
376,G-24,34.4,19.2,64
377,G-24,26.9,15.0,50
378,G-24,34.4,19.2,64
379,G-24,26.9,15.0,50
380,G-24,34.4,19.2,64
381,G-24,26.9,15.0,50
382,G-24,34.4,19.2,64
383,G-24,26.9,15.0,50
384,G-24,34.4,19.2,64
385,G-24,26.9,15.0,50
386,G-24,34.4,19.2,64
387,G-24,26.9,15.0,50
388,G-24,34.4,19.2,64
389,G-24,26.9,15.0,50
390,G-24,34.4,19.2,64
391,G-24,26.9,15.0,50
392,G-24,34.4,19.2,64
393,G-24,34.4,19.2,64
394,G-24,34.4,19.2,64
395,G-24,34.4,19.2,64
396,G-24,34.4,19.2,64
397,G-24,26.9,15.0,50
398,G-24,34.4,19.2,64
399,G-24,26.9,15.0,50
400,G-24,34.4,19.2,64
405,G-24,34.4,19.2,64
406,G-24,34.4,19.2,64
6,G-25,34.4,19.2,64
10,G-25,34.4,19.2,64
12,G-25,26.9,15.0,50
13,G-25,26.9,15.0,50
15,G-25,26.9,15.0,50
22,G-25,34.4,19.2,64
24,G-25,34.4,19.2,64
25,G-25,26.9,15.0,50
26,G-25,26.9,15.0,50
27,G-25,34.4,19.2,64
29,G-25,34.4,19.2,64
40,G-25,26.9,15.0,50
41,G-25,26.9,15.0,50
42,G-25,26.9,15.0,50
44,G-25,26.9,15.0,50
51,G-25,34.4,19.2,64
53,G-25,34.4,19.2,64
54,G-25,26.9,15.0,50
55,G-25,34.4,19.2,64
56,G-25,34.4,19.2,64
58,G-25,34.4,19.2,64
59,G-25,34.4,19.2,64
60,G-25,34.4,19.2,64
61,G-25,34.4,19.2,64
62,G-25,26.9,15.0,50
64,G-25,26.9,15.0,50
66,G-25,26.9,15.0,50
67,G-25,26.9,15.0,50
68,G-25,26.9,15.0,50
69,G-25,26.9,15.0,50
76,G-25,34.4,19.2,64
88,G-25,25.9,14.5,50
91,G-25,34.4,19.2,64
92,G-25,34.4,19.2,64
93,G-25,34.4,19.2,64
100,G-25,34.4,19.2,64
104,G-25,34.4,19.2,64
108,G-25,34.4,19.2,64
117,G-25,26.9,15.0,50
118,G-25,26.9,15.0,50
119,G-25,26.9,15.0,50
120,G-25,26.9,15.0,50
121,G-25,26.9,15.0,50
122,G-25,26.9,15.0,50
131,G-25,34.4,19.2,64
133,G-25,34.4,19.2,64
134,G-25,33.1,18.5,64
135,G-25,34.4,19.2,64
136,G-25,33.1,18.5,64
138,G-25,33.1,18.5,64
144,G-25,34.4,19.2,64
146,G-25,26.9,15.0,50
147,G-25,26.9,15.0,50
148,G-25,34.4,19.2,64
149,G-25,26.9,15.0,50
151,G-25,26.9,15.0,50
153,G-25,26.9,15.0,50
155,G-25,26.9,15.0,50
157,G-25,26.9,15.0,50
158,G-25,34.4,19.2,64
159,G-25,26.9,15.0,50
164,G-25,26.9,15.0,50
168,G-25,34.4,19.2,64
174,G-25,34.4,19.2,64
176,G-25,34.4,19.2,64
184,G-25,33.1,18.5,64
190,G-25,33.1,18.5,64
192,G-25,33.1,18.5,64
194,G-25,33.1,18.5,64
200,G-25,26.9,15.0,50
202,G-25,26.9,15.0,50
204,G-25,34.4,19.2,64
207,G-25,34.4,19.2,64
209,G-25,34.4,19.2,64
210,G-25,34.4,19.2,64
211,G-25,34.4,19.2,64
212,G-25,34.4,19.2,64
213,G-25,26.9,15.0,50
215,G-25,26.9,15.0,50
216,G-25,34.4,19.2,64
219,G-25,34.4,19.2,64
223,G-25,34.4,19.2,64
225,G-25,26.9,15.0,50
227,G-25,26.9,15.0,50
229,G-25,34.4,19.2,64
231,G-25,34.4,19.2,64
233,G-25,26.9,15.0,50
235,G-25,34.4,19.2,64
237,G-25,26.9,15.0,50
239,G-25,26.9,15.0,50
240,G-25,25.9,14.5,50
241,G-25,26.9,15.0,50
242,G-25,25.9,14.5,50
243,G-25,26.9,15.0,50
245,G-25,34.4,19.2,64
246,G-25,33.1,18.5,64
247,G-25,34.4,19.2,64
249,G-25,26.9,15.0,50
251,G-25,26.9,15.0,50
254,G-25,34.4,19.2,64
256,G-25,26.9,15.0,50
257,G-25,26.9,15.0,50
259,G-25,34.4,19.2,64
260,G-25,34.4,19.2,64
261,G-25,34.4,19.2,64
268,G-25,34.4,19.2,64
269,G-25,34.4,19.2,64
271,G-25,26.9,15.0,50
275,G-25,26.9,15.0,50
276,G-25,26.9,15.0,50
278,G-25,26.9,15.0,50
279,G-25,34.4,19.2,64
280,G-25,26.9,15.0,50
282,G-25,26.9,15.0,50
284,G-25,26.9,15.0,50
287,G-25,34.4,19.2,64
289,G-25,34.4,19.2,64
291,G-25,34.4,19.2,64
293,G-25,26.9,15.0,50
294,G-25,33.1,18.5,64
296,G-25,33.1,18.5,64
297,G-25,34.4,19.2,64
299,G-25,34.4,19.2,64
301,G-25,34.4,19.2,64
303,G-25,26.9,15.0,50
304,G-25,26.9,15.0,50
305,G-25,26.9,15.0,50
307,G-25,26.9,15.0,50
309,G-25,26.9,15.0,50
310,G-25,34.4,19.2,64
312,G-25,34.4,19.2,64
315,G-25,34.4,19.2,64
316,G-25,34.4,19.2,64
317,G-25,34.4,19.2,64
318,G-25,34.4,19.2,64
319,G-25,34.4,19.2,64
320,G-25,34.4,19.2,64
321,G-25,26.9,15.0,50
322,G-25,34.4,19.2,64
324,G-25,34.4,19.2,64
325,G-25,34.4,19.2,64
326,G-25,34.4,19.2,64
327,G-25,34.4,19.2,64
328,G-25,34.4,19.2,64
334,G-25,26.9,15.0,50
336,G-25,26.9,15.0,50
338,G-25,34.4,19.2,64
339,G-25,34.4,19.2,64
340,G-25,33.1,18.5,64
341,G-25,26.9,15.0,50
345,G-25,34.4,19.2,64
346,G-25,33.1,18.5,64
348,G-25,33.1,18.5,64
350,G-25,33.1,18.5,64
352,G-25,34.4,19.2,64
354,G-25,34.4,19.2,64
355,G-25,26.9,15.0,50
357,G-25,26.9,15.0,50
362,G-25,34.4,19.2,64
363,G-25,26.9,15.0,50
365,G-25,26.9,15.0,50
366,G-25,34.4,19.2,64
372,G-25,34.4,19.2,64
1,G-27,34.4,19.2,64
2,G-27,34.8,19.5,64
3,G-27,34.4,19.2,64
4,G-27,34.8,19.5,64
5,G-27,34.4,19.2,64
6,G-27,34.8,19.5,64
7,G-27,34.4,19.2,64
8,G-27,34.8,19.5,64
9,G-27,34.4,19.2,64
10,G-27,34.8,19.5,64
11,G-27,34.4,19.2,64
12,G-27,34.8,19.5,64
16,G-27,34.8,19.5,64
18,G-27,34.8,19.5,64
19,G-27,34.4,19.2,64
20,G-27,34.8,19.5,64
21,G-27,34.4,19.2,64
22,G-27,34.8,19.5,64
23,G-27,34.4,19.2,64
24,G-27,34.8,19.5,64
25,G-27,34.4,19.2,64
26,G-27,34.8,19.5,64
27,G-27,34.4,19.2,64
29,G-27,34.4,19.2,64
30,G-27,34.8,19.5,64
31,G-27,34.4,19.2,64
33,G-27,34.4,19.2,64
34,G-27,34.8,19.5,64
35,G-27,34.4,19.2,64
36,G-27,34.8,19.5,64
37,G-27,26.9,15.0,50
38,G-27,34.8,19.5,64
39,G-27,26.9,15.0,50
40,G-27,34.8,19.5,64
41,G-27,34.4,19.2,64
42,G-27,34.8,19.5,64
43,G-27,26.9,15.0,50
44,G-27,27.2,15.2,50
45,G-27,26.9,15.0,50
46,G-27,27.2,15.2,50
47,G-27,34.4,19.2,64
48,G-27,27.2,15.2,50
49,G-27,34.4,19.2,64
50,G-27,27.2,15.2,50
51,G-27,34.4,19.2,64
52,G-27,27.2,15.2,50
53,G-27,34.4,19.2,64
54,G-27,34.8,19.5,64
55,G-27,34.4,19.2,64
56,G-27,34.8,19.5,64
57,G-27,34.4,19.2,64
59,G-27,34.4,19.2,64
60,G-27,34.8,19.5,64
61,G-27,34.4,19.2,64
62,G-27,34.8,19.5,64
63,G-27,34.4,19.2,64
64,G-27,34.8,19.5,64
65,G-27,26.9,15.0,50
66,G-27,27.2,15.2,50
68,G-27,27.2,15.2,50
70,G-27,27.2,15.2,50
73,G-27,34.4,19.2,64
74,G-27,27.2,15.2,50
75,G-27,34.4,19.2,64
76,G-27,27.2,15.2,50
77,G-27,26.9,15.0,50
78,G-27,27.2,15.2,50
79,G-27,26.9,15.0,50
80,G-27,27.2,15.2,50
81,G-27,26.9,15.0,50
82,G-27,27.2,15.2,50
83,G-27,26.9,15.0,50
84,G-27,27.2,15.2,50
85,G-27,26.9,15.0,50
86,G-27,27.2,15.2,50
87,G-27,26.9,15.0,50
88,G-27,27.2,15.2,50
89,G-27,34.4,19.2,64
90,G-27,27.2,15.2,50
91,G-27,34.4,19.2,64
92,G-27,27.2,15.2,50
93,G-27,34.4,19.2,64
94,G-27,27.2,15.2,50
95,G-27,34.4,19.2,64
96,G-27,27.2,15.2,50
98,G-27,27.2,15.2,50
99,G-27,26.9,15.0,50
100,G-27,27.2,15.2,50
101,G-27,26.9,15.0,50
102,G-27,27.2,15.2,50
103,G-27,26.9,15.0,50
104,G-27,27.2,15.2,50
105,G-27,26.9,15.0,50
106,G-27,27.2,15.2,50
107,G-27,26.9,15.0,50
108,G-27,27.2,15.2,50
109,G-27,26.9,15.0,50
110,G-27,27.2,15.2,50
111,G-27,26.9,15.0,50
112,G-27,27.2,15.2,50
114,G-27,34.8,19.5,64
115,G-27,34.4,19.2,64
116,G-27,34.8,19.5,64
118,G-27,34.8,19.5,64
120,G-27,34.8,19.5,64
121,G-27,34.4,19.2,64
122,G-27,34.8,19.5,64
123,G-27,26.9,15.0,50
124,G-27,34.8,19.5,64
125,G-27,26.9,15.0,50
126,G-27,34.8,19.5,64
128,G-27,34.8,19.5,64
129,G-27,26.9,15.0,50
130,G-27,34.8,19.5,64
131,G-27,26.9,15.0,50
132,G-27,27.2,15.2,50
133,G-27,26.9,15.0,50
134,G-27,27.2,15.2,50
135,G-27,26.9,15.0,50
136,G-27,27.2,15.2,50
137,G-27,26.9,15.0,50
139,G-27,26.9,15.0,50
142,G-27,34.8,19.5,64
143,G-27,34.4,19.2,64
144,G-27,27.2,15.2,50
145,G-27,34.4,19.2,64
146,G-27,27.2,15.2,50
147,G-27,34.4,19.2,64
148,G-27,27.2,15.2,50
149,G-27,34.4,19.2,64
150,G-27,34.8,19.5,64
151,G-27,34.4,19.2,64
152,G-27,27.2,15.2,50
153,G-27,26.9,15.0,50
155,G-27,26.9,15.0,50
156,G-27,34.8,19.5,64
157,G-27,26.9,15.0,50
158,G-27,27.2,15.2,50
159,G-27,26.9,15.0,50
160,G-27,27.2,15.2,50
161,G-27,26.9,15.0,50
162,G-27,27.2,15.2,50
163,G-27,26.9,15.0,50
164,G-27,27.2,15.2,50
165,G-27,26.9,15.0,50
167,G-27,26.9,15.0,50
169,G-27,26.9,15.0,50
170,G-27,27.2,15.2,50
171,G-27,34.4,19.2,64
172,G-27,27.2,15.2,50
173,G-27,34.4,19.2,64
174,G-27,27.2,15.2,50
175,G-27,34.4,19.2,64
176,G-27,34.8,19.5,64
177,G-27,34.4,19.2,64
178,G-27,34.8,19.5,64
179,G-27,34.4,19.2,64
180,G-27,34.8,19.5,64
182,G-27,34.8,19.5,64
183,G-27,26.9,15.0,50
184,G-27,27.2,15.2,50
185,G-27,26.9,15.0,50
186,G-27,34.8,19.5,64
187,G-27,26.9,15.0,50
188,G-27,34.8,19.5,64
189,G-27,26.9,15.0,50
191,G-27,26.9,15.0,50
192,G-27,34.8,19.5,64
193,G-27,26.9,15.0,50
194,G-27,34.8,19.5,64
195,G-27,26.9,15.0,50
196,G-27,27.2,15.2,50
197,G-27,26.9,15.0,50
198,G-27,27.2,15.2,50
199,G-27,26.9,15.0,50
200,G-27,27.2,15.2,50
201,G-27,34.4,19.2,64
202,G-27,27.2,15.2,50
203,G-27,34.4,19.2,64
204,G-27,27.2,15.2,50
206,G-27,27.2,15.2,50
207,G-27,26.9,15.0,50
208,G-27,27.2,15.2,50
210,G-27,27.2,15.2,50
211,G-27,34.4,19.2,64
212,G-27,34.8,19.5,64
213,G-27,26.9,15.0,50
214,G-27,27.2,15.2,50
215,G-27,26.9,15.0,50
216,G-27,27.2,15.2,50
217,G-27,26.9,15.0,50
218,G-27,27.2,15.2,50
219,G-27,26.9,15.0,50
220,G-27,27.2,15.2,50
221,G-27,26.9,15.0,50
222,G-27,27.2,15.2,50
223,G-27,26.9,15.0,50
224,G-27,27.2,15.2,50
225,G-27,34.4,19.2,64
226,G-27,27.2,15.2,50
227,G-27,26.9,15.0,50
228,G-27,27.2,15.2,50
229,G-27,26.9,15.0,50
230,G-27,27.2,15.2,50
231,G-27,26.9,15.0,50
232,G-27,27.2,15.2,50
233,G-27,26.9,15.0,50
234,G-27,27.2,15.2,50
235,G-27,26.9,15.0,50
236,G-27,34.8,19.5,64
237,G-27,26.9,15.0,50
238,G-27,34.8,19.5,64
239,G-27,26.9,15.0,50
240,G-27,27.2,15.2,50
241,G-27,26.9,15.0,50
242,G-27,34.8,19.5,64
243,G-27,26.9,15.0,50
244,G-27,34.8,19.5,64
245,G-27,26.9,15.0,50
246,G-27,34.8,19.5,64
247,G-27,34.4,19.2,64
248,G-27,34.8,19.5,64
249,G-27,34.4,19.2,64
250,G-27,34.8,19.5,64
251,G-27,34.4,19.2,64
252,G-27,27.2,15.2,50
253,G-27,34.4,19.2,64
254,G-27,27.2,15.2,50
255,G-27,34.4,19.2,64
256,G-27,27.2,15.2,50
257,G-27,34.4,19.2,64
258,G-27,27.2,15.2,50
259,G-27,34.4,19.2,64
260,G-27,34.8,19.5,64
262,G-27,34.8,19.5,64
263,G-27,26.9,15.0,50
265,G-27,26.9,15.0,50
266,G-27,27.2,15.2,50
267,G-27,26.9,15.0,50
268,G-27,27.2,15.2,50
269,G-27,26.9,15.0,50
271,G-27,26.9,15.0,50
272,G-27,27.2,15.2,50
273,G-27,26.9,15.0,50
274,G-27,27.2,15.2,50
275,G-27,26.9,15.0,50
276,G-27,27.2,15.2,50
277,G-27,26.9,15.0,50
278,G-27,27.2,15.2,50
279,G-27,26.9,15.0,50
280,G-27,27.2,15.2,50
281,G-27,34.4,19.2,64
282,G-27,27.2,15.2,50
283,G-27,34.4,19.2,64
284,G-27,27.2,15.2,50
285,G-27,34.4,19.2,64
286,G-27,27.2,15.2,50
287,G-27,34.4,19.2,64
289,G-27,34.4,19.2,64
290,G-27,27.2,15.2,50
291,G-27,34.4,19.2,64
292,G-27,27.2,15.2,50
295,G-27,34.4,19.2,64
296,G-27,27.2,15.2,50
297,G-27,26.9,15.0,50
299,G-27,26.9,15.0,50
300,G-27,27.2,15.2,50
301,G-27,34.4,19.2,64
302,G-27,27.2,15.2,50
303,G-27,34.4,19.2,64
304,G-27,27.2,15.2,50
305,G-27,34.4,19.2,64
306,G-27,27.2,15.2,50
307,G-27,26.9,15.0,50
308,G-27,34.8,19.5,64
310,G-27,34.8,19.5,64
311,G-27,34.4,19.2,64
312,G-27,34.8,19.5,64
313,G-27,34.4,19.2,64
314,G-27,34.8,19.5,64
315,G-27,34.4,19.2,64
316,G-27,34.8,19.5,64
317,G-27,34.4,19.2,64
318,G-27,27.2,15.2,50
319,G-27,34.4,19.2,64
320,G-27,27.2,15.2,50
321,G-27,34.4,19.2,64
322,G-27,34.8,19.5,64
323,G-27,34.4,19.2,64
324,G-27,27.2,15.2,50
325,G-27,26.9,15.0,50
326,G-27,34.8,19.5,64
327,G-27,26.9,15.0,50
328,G-27,34.8,19.5,64
329,G-27,26.9,15.0,50
330,G-27,27.2,15.2,50
331,G-27,26.9,15.0,50
333,G-27,26.9,15.0,50
334,G-27,27.2,15.2,50
335,G-27,26.9,15.0,50
336,G-27,27.2,15.2,50
337,G-27,26.9,15.0,50
338,G-27,27.2,15.2,50
339,G-27,26.9,15.0,50
340,G-27,27.2,15.2,50
341,G-27,26.9,15.0,50
342,G-27,27.2,15.2,50
343,G-27,26.9,15.0,50
344,G-27,27.2,15.2,50
345,G-27,26.9,15.0,50
346,G-27,27.2,15.2,50
347,G-27,26.9,15.0,50
348,G-27,27.2,15.2,50
349,G-27,26.9,15.0,50
350,G-27,27.2,15.2,50
351,G-27,26.9,15.0,50
352,G-27,27.2,15.2,50
353,G-27,26.9,15.0,50
354,G-27,27.2,15.2,50
355,G-27,26.9,15.0,50
356,G-27,34.8,19.5,64
357,G-27,26.9,15.0,50
358,G-27,27.2,15.2,50
359,G-27,26.9,15.0,50
360,G-27,27.2,15.2,50
361,G-27,26.9,15.0,50
362,G-27,27.2,15.2,50
363,G-27,26.9,15.0,50
364,G-27,34.8,19.5,64
366,G-27,34.8,19.5,64
367,G-27,26.9,15.0,50
369,G-27,26.9,15.0,50
370,G-27,34.8,19.5,64
371,G-27,26.9,15.0,50
372,G-27,34.8,19.5,64
373,G-27,26.9,15.0,50
374,G-27,34.8,19.5,64
375,G-27,34.4,19.2,64
376,G-27,34.8,19.5,64
377,G-27,34.4,19.2,64
378,G-27,34.8,19.5,64
379,G-27,34.4,19.2,64
381,G-27,34.4,19.2,64
382,G-27,34.8,19.5,64
383,G-27,34.4,19.2,64
384,G-27,34.8,19.5,64
386,G-27,34.8,19.5,64
387,G-27,34.4,19.2,64
390,G-27,34.8,19.5,64
391,G-27,34.4,19.2,64
393,G-27,34.4,19.2,64
394,G-27,34.8,19.5,64
395,G-27,26.9,15.0,50
396,G-27,27.2,15.2,50
397,G-27,26.9,15.0,50
398,G-27,34.8,19.5,64
399,G-27,26.9,15.0,50
400,G-27,34.8,19.5,64
401,G-27,26.9,15.0,50
402,G-27,34.8,19.5,64
403,G-27,26.9,15.0,50
404,G-27,34.8,19.5,64
405,G-27,34.4,19.2,64
406,G-27,27.2,15.2,50
407,G-27,34.4,19.2,64
408,G-27,34.8,19.5,64
411,G-27,34.4,19.2,64
414,G-27,27.2,15.2,50
416,G-27,27.2,15.2,50
418,G-27,27.2,15.2,50
419,G-27,34.4,19.2,64
420,G-27,27.2,15.2,50
421,G-27,34.4,19.2,64
422,G-27,27.2,15.2,50
423,G-27,34.4,19.2,64
424,G-27,27.2,15.2,50
425,G-27,34.4,19.2,64
426,G-27,27.2,15.2,50
427,G-27,34.4,19.2,64
428,G-27,27.2,15.2,50
430,G-27,27.2,15.2,50
431,G-27,26.9,15.0,50
432,G-27,27.2,15.2,50
433,G-27,26.9,15.0,50
434,G-27,34.8,19.5,64
435,G-27,26.9,15.0,50
436,G-27,34.8,19.5,64
437,G-27,26.9,15.0,50
438,G-27,27.2,15.2,50
439,G-27,26.9,15.0,50
440,G-27,27.2,15.2,50
441,G-27,26.9,15.0,50
442,G-27,27.2,15.2,50
445,G-27,26.9,15.0,50
1,G-28,27.1,15.2,50
2,G-28,26.9,15.0,50
3,G-28,34.7,19.4,64
4,G-28,34.4,19.2,64
5,G-28,34.7,19.4,64
6,G-28,34.4,19.2,64
7,G-28,34.7,19.4,64
8,G-28,34.4,19.2,64
10,G-28,34.4,19.2,64
11,G-28,34.7,19.4,64
12,G-28,34.4,19.2,64
15,G-28,34.7,19.4,64
16,G-28,26.9,15.0,50
17,G-28,34.7,19.4,64
18,G-28,26.9,15.0,50
20,G-28,26.9,15.0,50
21,G-28,34.7,19.4,64
22,G-28,26.9,15.0,50
23,G-28,34.7,19.4,64
24,G-28,26.9,15.0,50
25,G-28,34.7,19.4,64
26,G-28,26.9,15.0,50
31,G-28,33.1,18.5,64
33,G-28,33.1,18.5,64
34,G-28,34.4,19.2,64
36,G-28,34.4,19.2,64
37,G-28,33.1,18.5,64
38,G-28,34.4,19.2,64
39,G-28,33.1,18.5,64
41,G-28,34.7,19.4,64
42,G-28,34.4,19.2,64
44,G-28,34.4,19.2,64
45,G-28,34.7,19.4,64
46,G-28,34.4,19.2,64
47,G-28,34.7,19.4,64
49,G-28,34.7,19.4,64
50,G-28,34.4,19.2,64
51,G-28,34.7,19.4,64
52,G-28,34.4,19.2,64
54,G-28,34.4,19.2,64
55,G-28,34.7,19.4,64
57,G-28,34.7,19.4,64
58,G-28,34.4,19.2,64
59,G-28,34.7,19.4,64
60,G-28,34.4,19.2,64
61,G-28,34.7,19.4,64
63,G-28,34.7,19.4,64
64,G-28,34.4,19.2,64
66,G-28,34.4,19.2,64
67,G-28,34.7,19.4,64
68,G-28,26.9,15.0,50
69,G-28,27.1,15.2,50
72,G-28,26.9,15.0,50
73,G-28,34.7,19.4,64
75,G-28,34.7,19.4,64
76,G-28,34.4,19.2,64
77,G-28,34.7,19.4,64
78,G-28,26.9,15.0,50
79,G-28,34.7,19.4,64
81,G-28,34.7,19.4,64
87,G-28,34.7,19.4,64
88,G-28,34.4,19.2,64
89,G-28,34.7,19.4,64
90,G-28,34.4,19.2,64
91,G-28,34.7,19.4,64
92,G-28,34.4,19.2,64
93,G-28,34.7,19.4,64
94,G-28,34.4,19.2,64
95,G-28,34.7,19.4,64
99,G-28,34.7,19.4,64
100,G-28,34.4,19.2,64
101,G-28,34.7,19.4,64
102,G-28,34.4,19.2,64
103,G-28,34.7,19.4,64
104,G-28,34.4,19.2,64
105,G-28,34.7,19.4,64
106,G-28,34.4,19.2,64
107,G-28,34.7,19.4,64
109,G-28,34.7,19.4,64
112,G-28,26.9,15.0,50
115,G-28,34.7,19.4,64
117,G-28,34.7,19.4,64
119,G-28,34.7,19.4,64
120,G-28,34.4,19.2,64
121,G-28,34.7,19.4,64
122,G-28,34.4,19.2,64
123,G-28,34.7,19.4,64
124,G-28,34.4,19.2,64
125,G-28,34.7,19.4,64
128,G-28,34.4,19.2,64
130,G-28,34.4,19.2,64
132,G-28,34.4,19.2,64
134,G-28,34.4,19.2,64
135,G-28,34.7,19.4,64
136,G-28,34.4,19.2,64
137,G-28,34.7,19.4,64
139,G-28,34.7,19.4,64
144,G-28,34.4,19.2,64
146,G-28,34.4,19.2,64
147,G-28,33.1,18.5,64
148,G-28,34.4,19.2,64
149,G-28,33.1,18.5,64
157,G-28,27.1,15.2,50
159,G-28,34.7,19.4,64
161,G-28,34.7,19.4,64
163,G-28,34.7,19.4,64
165,G-28,34.7,19.4,64
166,G-28,26.9,15.0,50
167,G-28,34.7,19.4,64
171,G-28,34.7,19.4,64
172,G-28,26.9,15.0,50
174,G-28,26.9,15.0,50
175,G-28,27.1,15.2,50
177,G-28,27.1,15.2,50
178,G-28,26.9,15.0,50
179,G-28,27.1,15.2,50
180,G-28,26.9,15.0,50
181,G-28,34.7,19.4,64
185,G-28,34.7,19.4,64
186,G-28,34.4,19.2,64
187,G-28,34.7,19.4,64
188,G-28,34.4,19.2,64
189,G-28,34.7,19.4,64
190,G-28,34.4,19.2,64
191,G-28,34.7,19.4,64
194,G-28,34.4,19.2,64
196,G-28,34.4,19.2,64
198,G-28,34.4,19.2,64
202,G-28,34.4,19.2,64
212,G-28,34.4,19.2,64
213,G-28,34.7,19.4,64
216,G-28,34.4,19.2,64
217,G-28,27.1,15.2,50
218,G-28,34.4,19.2,64
219,G-28,34.7,19.4,64
220,G-28,34.4,19.2,64
221,G-28,34.7,19.4,64
222,G-28,34.4,19.2,64
223,G-28,34.7,19.4,64
230,G-28,34.4,19.2,64
234,G-28,34.4,19.2,64
240,G-28,26.9,15.0,50
243,G-28,34.7,19.4,64
244,G-28,34.4,19.2,64
248,G-28,34.4,19.2,64
250,G-28,34.4,19.2,64
254,G-28,34.4,19.2,64
255,G-28,33.1,18.5,64
256,G-28,34.4,19.2,64
257,G-28,33.1,18.5,64
259,G-28,33.1,18.5,64
260,G-28,34.4,19.2,64
261,G-28,33.1,18.5,64
262,G-28,34.4,19.2,64
263,G-28,33.1,18.5,64
265,G-28,33.1,18.5,64
267,G-28,34.7,19.4,64
268,G-28,34.4,19.2,64
269,G-28,34.7,19.4,64
270,G-28,26.9,15.0,50
272,G-28,26.9,15.0,50
273,G-28,27.1,15.2,50
274,G-28,26.9,15.0,50
275,G-28,27.1,15.2,50
276,G-28,26.9,15.0,50
277,G-28,27.1,15.2,50
278,G-28,26.9,15.0,50
279,G-28,27.1,15.2,50
286,G-28,34.4,19.2,64
292,G-28,34.4,19.2,64
304,G-28,34.4,19.2,64
311,G-28,34.7,19.4,64
313,G-28,34.7,19.4,64
315,G-28,34.7,19.4,64
316,G-28,34.4,19.2,64
317,G-28,34.7,19.4,64
318,G-28,34.4,19.2,64
319,G-28,34.7,19.4,64
328,G-28,26.9,15.0,50
330,G-28,26.9,15.0,50
341,G-28,33.1,18.5,64
343,G-28,33.1,18.5,64
345,G-28,33.1,18.5,64
346,G-28,26.9,15.0,50
347,G-28,33.1,18.5,64
348,G-28,26.9,15.0,50
351,G-28,34.7,19.4,64
355,G-28,34.7,19.4,64
365,G-28,34.7,19.4,64
366,G-28,34.4,19.2,64
389,G-28,33.1,18.5,64
391,G-28,33.1,18.5,64
392,G-28,26.9,15.0,50
393,G-28,34.7,19.4,64
395,G-28,34.7,19.4,64
396,G-28,26.9,15.0,50
398,G-28,26.9,15.0,50
400,G-28,26.9,15.0,50
402,G-28,26.9,15.0,50
403,G-28,34.7,19.4,64
408,G-28,26.9,15.0,50
411,G-28,34.7,19.4,64
414,G-28,26.9,15.0,50
415,G-28,34.7,19.4,64
417,G-28,34.7,19.4,64
418,G-28,26.9,15.0,50
419,G-28,27.1,15.2,50
420,G-28,26.9,15.0,50
422,G-28,34.4,19.2,64
423,G-28,33.1,18.5,64
424,G-28,34.4,19.2,64
426,G-28,34.4,19.2,64
431,G-28,33.1,18.5,64
433,G-28,33.1,18.5,64
436,G-28,26.9,15.0,50
438,G-28,26.9,15.0,50
1,G-30,29.0,16.2,64
2,G-30,26.8,15.0,50
3,G-30,29.0,16.2,64
4,G-30,26.8,15.0,50
5,G-30,29.0,16.2,64
6,G-30,26.8,15.0,50
7,G-30,29.0,16.2,64
8,G-30,34.3,19.1,64
9,G-30,22.6,12.7,50
10,G-30,34.3,19.1,64
11,G-30,22.6,12.7,50
12,G-30,26.8,15.0,50
13,G-30,29.0,16.2,64
14,G-30,34.3,19.1,64
15,G-30,22.6,12.7,50
16,G-30,26.8,15.0,50
17,G-30,22.6,12.7,50
18,G-30,26.8,15.0,50
19,G-30,22.6,12.7,50
20,G-30,26.8,15.0,50
21,G-30,29.0,16.2,64
22,G-30,26.8,15.0,50
23,G-30,22.6,12.7,50
24,G-30,26.8,15.0,50
25,G-30,22.6,12.7,50
26,G-30,26.8,15.0,50
27,G-30,22.6,12.7,50
28,G-30,26.8,15.0,50
29,G-30,22.6,12.7,50
30,G-30,26.8,15.0,50
31,G-30,22.6,12.7,50
32,G-30,26.8,15.0,50
33,G-30,22.6,12.7,50
34,G-30,26.8,15.0,50
35,G-30,29.0,16.2,64
36,G-30,26.8,15.0,50
37,G-30,29.0,16.2,64
38,G-30,26.8,15.0,50
39,G-30,22.6,12.7,50
40,G-30,26.8,15.0,50
41,G-30,29.0,16.2,64
42,G-30,26.8,15.0,50
43,G-30,27.4,15.3,64
44,G-30,26.8,15.0,50
45,G-30,27.4,15.3,64
46,G-30,26.8,15.0,50
47,G-30,27.4,15.3,64
48,G-30,26.8,15.0,50
49,G-30,27.4,15.3,64
50,G-30,26.8,15.0,50
51,G-30,27.4,15.3,64
52,G-30,26.8,15.0,50
53,G-30,27.4,15.3,64
54,G-30,26.8,15.0,50
55,G-30,27.4,15.3,64
56,G-30,26.8,15.0,50
57,G-30,29.0,16.2,64
58,G-30,26.8,15.0,50
59,G-30,29.0,16.2,64
60,G-30,26.8,15.0,50
61,G-30,22.6,12.7,50
62,G-30,26.8,15.0,50
63,G-30,22.6,12.7,50
64,G-30,26.8,15.0,50
65,G-30,29.0,16.2,64
66,G-30,26.8,15.0,50
67,G-30,22.6,12.7,50
68,G-30,26.8,15.0,50
69,G-30,22.6,12.7,50
70,G-30,26.8,15.0,50
71,G-30,22.6,12.7,50
72,G-30,26.8,15.0,50
73,G-30,22.6,12.7,50
74,G-30,26.8,15.0,50
75,G-30,22.6,12.7,50
76,G-30,26.8,15.0,50
77,G-30,22.6,12.7,50
78,G-30,26.8,15.0,50
79,G-30,22.6,12.7,50
80,G-30,34.3,19.1,64
81,G-30,29.0,16.2,64
82,G-30,26.8,15.0,50
83,G-30,29.0,16.2,64
84,G-30,26.8,15.0,50
85,G-30,22.6,12.7,50
86,G-30,26.8,15.0,50
87,G-30,29.0,16.2,64
88,G-30,26.8,15.0,50
89,G-30,22.6,12.7,50
90,G-30,26.8,15.0,50
91,G-30,29.0,16.2,64
92,G-30,26.8,15.0,50
93,G-30,29.0,16.2,64
94,G-30,26.8,15.0,50
95,G-30,29.0,16.2,64
96,G-30,26.8,15.0,50
97,G-30,29.0,16.2,64
98,G-30,26.8,15.0,50
99,G-30,27.4,15.3,64
100,G-30,26.8,15.0,50
101,G-30,27.4,15.3,64
102,G-30,26.8,15.0,50
103,G-30,27.4,15.3,64
104,G-30,26.8,15.0,50
105,G-30,27.4,15.3,64
106,G-30,26.8,15.0,50
107,G-30,21.4,12.0,50
108,G-30,26.8,15.0,50
109,G-30,21.4,12.0,50
110,G-30,26.8,15.0,50
111,G-30,27.4,15.3,64
112,G-30,26.8,15.0,50
114,G-30,34.3,19.1,64
115,G-30,29.0,16.2,64
116,G-30,34.3,19.1,64
117,G-30,29.0,16.2,64
118,G-30,34.3,19.1,64
119,G-30,29.0,16.2,64
120,G-30,34.3,19.1,64
121,G-30,29.0,16.2,64
123,G-30,22.6,12.7,50
124,G-30,26.8,15.0,50
125,G-30,29.0,16.2,64
126,G-30,26.8,15.0,50
127,G-30,29.0,16.2,64
128,G-30,26.8,15.0,50
129,G-30,29.0,16.2,64
130,G-30,26.8,15.0,50
131,G-30,29.0,16.2,64
132,G-30,26.8,15.0,50
133,G-30,29.0,16.2,64
134,G-30,34.3,19.1,64
135,G-30,29.0,16.2,64
136,G-30,34.3,19.1,64
137,G-30,22.6,12.7,50
138,G-30,26.8,15.0,50
139,G-30,22.6,12.7,50
140,G-30,26.8,15.0,50
141,G-30,22.6,12.7,50
142,G-30,26.8,15.0,50
143,G-30,22.6,12.7,50
144,G-30,26.8,15.0,50
145,G-30,22.6,12.7,50
146,G-30,26.8,15.0,50
147,G-30,22.6,12.7,50
148,G-30,26.8,15.0,50
149,G-30,29.0,16.2,64
150,G-30,26.8,15.0,50
151,G-30,29.0,16.2,64
152,G-30,26.8,15.0,50
153,G-30,22.6,12.7,50
154,G-30,26.8,15.0,50
155,G-30,22.6,12.7,50
156,G-30,34.3,19.1,64
157,G-30,27.4,15.3,64
158,G-30,34.3,19.1,64
159,G-30,27.4,15.3,64
160,G-30,34.3,19.1,64
161,G-30,27.4,15.3,64
162,G-30,34.3,19.1,64
163,G-30,27.4,15.3,64
164,G-30,34.3,19.1,64
165,G-30,27.4,15.3,64
166,G-30,34.3,19.1,64
167,G-30,27.4,15.3,64
168,G-30,34.3,19.1,64
169,G-30,29.0,16.2,64
170,G-30,34.3,19.1,64
171,G-30,29.0,16.2,64
172,G-30,34.3,19.1,64
173,G-30,29.0,16.2,64
174,G-30,34.3,19.1,64
175,G-30,22.6,12.7,50
176,G-30,34.3,19.1,64
177,G-30,22.6,12.7,50
178,G-30,34.3,19.1,64
179,G-30,22.6,12.7,50
180,G-30,34.3,19.1,64
181,G-30,22.6,12.7,50
182,G-30,34.3,19.1,64
183,G-30,22.6,12.7,50
184,G-30,34.3,19.1,64
186,G-30,34.3,19.1,64
187,G-30,29.0,16.2,64
188,G-30,34.3,19.1,64
189,G-30,29.0,16.2,64
191,G-30,29.0,16.2,64
193,G-30,29.0,16.2,64
195,G-30,29.0,16.2,64
196,G-30,34.3,19.1,64
197,G-30,22.6,12.7,50
198,G-30,34.3,19.1,64
199,G-30,22.6,12.7,50
200,G-30,34.3,19.1,64
201,G-30,22.6,12.7,50
202,G-30,34.3,19.1,64
203,G-30,22.6,12.7,50
204,G-30,34.3,19.1,64
205,G-30,22.6,12.7,50
206,G-30,34.3,19.1,64
207,G-30,22.6,12.7,50
212,G-30,34.3,19.1,64
213,G-30,27.4,15.3,64
214,G-30,34.3,19.1,64
215,G-30,21.4,12.0,50
216,G-30,26.8,15.0,50
217,G-30,21.4,12.0,50
218,G-30,26.8,15.0,50
219,G-30,27.4,15.3,64
220,G-30,26.8,15.0,50
221,G-30,27.4,15.3,64
222,G-30,26.8,15.0,50
224,G-30,26.8,15.0,50
225,G-30,29.0,16.2,64
227,G-30,29.0,16.2,64
228,G-30,34.3,19.1,64
229,G-30,29.0,16.2,64
230,G-30,34.3,19.1,64
231,G-30,29.0,16.2,64
232,G-30,34.3,19.1,64
234,G-30,34.3,19.1,64
235,G-30,22.6,12.7,50
236,G-30,34.3,19.1,64
237,G-30,29.0,16.2,64
238,G-30,34.3,19.1,64
239,G-30,29.0,16.2,64
244,G-30,26.8,15.0,50
245,G-30,22.6,12.7,50
246,G-30,26.8,15.0,50
247,G-30,29.0,16.2,64
248,G-30,26.8,15.0,50
249,G-30,22.6,12.7,50
250,G-30,26.8,15.0,50
251,G-30,22.6,12.7,50
252,G-30,26.8,15.0,50
253,G-30,22.6,12.7,50
254,G-30,26.8,15.0,50
255,G-30,22.6,12.7,50
256,G-30,26.8,15.0,50
257,G-30,22.6,12.7,50
258,G-30,26.8,15.0,50
259,G-30,22.6,12.7,50
260,G-30,26.8,15.0,50
261,G-30,22.6,12.7,50
263,G-30,22.6,12.7,50
265,G-30,22.6,12.7,50
266,G-30,26.8,15.0,50
267,G-30,21.4,12.0,50
268,G-30,26.8,15.0,50
269,G-30,21.4,12.0,50
270,G-30,26.8,15.0,50
271,G-30,21.4,12.0,50
272,G-30,26.8,15.0,50
273,G-30,21.4,12.0,50
274,G-30,26.8,15.0,50
275,G-30,21.4,12.0,50
276,G-30,26.8,15.0,50
277,G-30,21.4,12.0,50
278,G-30,34.3,19.1,64
279,G-30,21.4,12.0,50
280,G-30,26.8,15.0,50
282,G-30,26.8,15.0,50
283,G-30,22.6,12.7,50
284,G-30,26.8,15.0,50
285,G-30,22.6,12.7,50
286,G-30,26.8,15.0,50
287,G-30,22.6,12.7,50
288,G-30,26.8,15.0,50
289,G-30,22.6,12.7,50
290,G-30,26.8,15.0,50
291,G-30,22.6,12.7,50
292,G-30,26.8,15.0,50
293,G-30,22.6,12.7,50
294,G-30,26.8,15.0,50
